{
  "version": "1",
  "cognitoConfig": {
    "authSelections": "identityPoolAndUserPool",
    "requiredAttributes": [
      "email"
    ],
    "resourceName": "loopproject",
    "serviceName": "Cognito",
    "useDefault": "manual",
    "userpoolClientReadAttributes": [
      "email"
    ],
    "userpoolClientWriteAttributes": [
      "email"
    ],
    "resourceNameTruncated": "loop55743583",
    "sharedId": "55743583",
    "userPoolGroupList": [
      "loopprojectUserpool"
    ],
    "userPoolGroups": true,
    "userPoolName": "loopproject_userpool",
    "usernameAttributes": [
      "email, phone_number"
    ],
    "usernameCaseSensitive": false,
    "userpoolClientRefreshTokenValidity": "365",
    "userpoolClientSetAttributes": false,
    "userpoolClientGenerateSecret": false,
    "userpoolClientLambdaRole": "looppr55743583_userpoolclient_lambda_role",
    "passwordPolicyCharacters": [],
    "passwordPolicyMinLength": 8,
    "adminQueries": true,
    "adminQueryGroup": "adminrestricted",
    "mfaConfiguration": "OFF",
    "mfaTypes": [
      "SMS Text Message"
    ],
    "smsAuthenticationMessage": "Your authentication code is {####}",
    "emailVerificationMessage": "Votre code de vérification est {####}",
    "emailVerificationSubject": "Votre code de vérification",
    "smsVerificationMessage": "Your verification code is {####}",
    "autoVerifiedAttributes": [
      "email"
    ],
    "hostedUI": false,
    "thirdPartyAuth": false,
    "identityPoolName": "loopproject_identitypool",
    "allowUnauthenticatedIdentities": true,
    "triggers": {}
  }
}   