{
  "AWSTemplateFormatVersion": "2010-09-09",
  "Description": "{\"createdOn\":\"Mac\",\"createdBy\":\"Amplify\",\"createdWith\":\"10.8.1\",\"stackType\":\"hosting-amplifyhosting\",\"metadata\":{}}",
  "Parameters": {
    "env": {
      "Type": "String"
    },
    "appId": {
      "Type": "String"
    },
    "type": {
      "Type": "String"
    }
  },
  "Conditions": {
    "isManual": {
      "Fn::Equals": [
        {
          "Ref": "type"
        },
        "manual"
      ]
    }
  },
  "Resources": {
    "AmplifyBranch": {
      "Condition": "isManual",
      "Type": "AWS::Amplify::Branch",
      "Properties": {
        "BranchName": {
          "Ref": "env"
        },
        "AppId": {
          "Ref": "appId"
        }
      }
    }
  }
}