{
  "features": {
    "graphqltransformer": {
      "addmissingownerfields": true,
      "validatetypenamereservedwords": true,
      "useexperimentalpipelinedtransformer": true,
      "enableiterativegsiupdates": true,
      "secondarykeyasgsi": true,
      "skipoverridemutationinputtypes": true,
      "transformerversion": 2,
      "suppressschemamigrationprompt": true,
      "securityEnhancementNotification": false,
      "showfieldauthnotification": false
    },
    "frontend-ios": {
      "enablexcodeintegration": true
    },
    "auth": {
      "enablecaseinsensitivity": true,
      "useinclusiveterminology": true,
      "breakcirculardependency": true
    },
    "codegen": {
      "useappsyncmodelgenplugin": true,
      "usedocsgeneratorplugin": true,
      "usetypesgeneratorplugin": true,
      "cleangeneratedmodelsdirectory": true,
      "retaincasestyle": true,
      "addtimestampfields": true
    },
    "appsync": {
      "generategraphqlpermissions": true
    },
    "project": {
      "overrides": true
    }
  },
  "debug": {
    "shareProjectConfig": false
  }
}