{
  "providers": {
    "awscloudformation": {
      "AuthRoleName": "amplify-loop-dev-115842-authRole",
      "UnauthRoleArn": "arn:aws:iam::523337446857:role/amplify-loop-dev-115842-unauthRole",
      "AuthRoleArn": "arn:aws:iam::523337446857:role/amplify-loop-dev-115842-authRole",
      "Region": "eu-central-1",
      "DeploymentBucketName": "amplify-loop-dev-115842-deployment",
      "UnauthRoleName": "amplify-loop-dev-115842-unauthRole",
      "StackName": "amplify-loop-dev-115842",
      "StackId": "arn:aws:cloudformation:eu-central-1:523337446857:stack/amplify-loop-dev-115842/f9021a80-b49a-11eb-821a-0a8760f7d236",
      "AmplifyAppId": "dijc3w47e3eot"
    }
  },
  "api": {
    "loop": {
      "dependsOn": [],
      "output": {
        "authConfig": {
          "additionalAuthenticationProviders": [],
          "defaultAuthentication": {
            "authenticationType": "AWS_IAM"
          }
        },
        "GraphQLAPIIdOutput": "ob5lb3xo3vbxrmu4k24ise7pqa",
        "GraphQLAPIEndpointOutput": "https://mr4fepvzsvbgjlm3khtlz6mnoa.appsync-api.eu-central-1.amazonaws.com/graphql"
      },
      "providerPlugin": "awscloudformation",
      "service": "AppSync",
      "lastPushTimeStamp": "2023-05-03T13:10:57.063Z",
      "providerMetadata": {
        "s3TemplateURL": "https://s3.amazonaws.com/amplify-loop-dev-115842-deployment/amplify-cfn-templates/api/cloudformation-template.json",
        "logicalId": "apiloop"
      },
      "lastPushDirHash": "inMOFo9FMaOYgMPpMe/HKeYUAOo="
    }
  },
  "auth": {
    "loopproject": {
      "customAuth": false,
      "dependsOn": [],
      "providerPlugin": "awscloudformation",
      "service": "Cognito",
      "output": {
        "CreatedSNSRole": "arn:aws:iam::523337446857:role/sns55743583115842-dev",
        "UserPoolId": "eu-central-1_7L8WP5jl5",
        "AppClientIDWeb": "2urng0j8833i6ao4fdp5bpvcdj",
        "AppClientID": "65pe32lbodclpp5ip2s5lk7kf",
        "IdentityPoolId": "eu-central-1:54ab9b2b-10f0-4c36-bf65-ac76e70b8541",
        "UserPoolArn": "arn:aws:cognito-idp:eu-central-1:523337446857:userpool/eu-central-1_7L8WP5jl5",
        "IdentityPoolName": "loopproject_identitypool__dev",
        "UserPoolName": "loopproject_userpool"
      },
      "lastPushTimeStamp": "2023-05-03T13:10:57.063Z",
      "providerMetadata": {
        "s3TemplateURL": "https://s3.amazonaws.com/amplify-loop-dev-115842-deployment/amplify-cfn-templates/auth/loopproject-cloudformation-template.json",
        "logicalId": "authloopproject"
      },
      "lastPushDirHash": "zcVhalkA85hn32zEPWn+VEUc9lQ="
    },
    "userPoolGroups": {
      "dependsOn": [
        {
          "category": "auth",
          "resourceName": "loopproject",
          "attributes": [
            "UserPoolId",
            "AppClientIDWeb",
            "AppClientID",
            "IdentityPoolId"
          ]
        }
      ],
      "providerPlugin": "awscloudformation",
      "service": "Cognito-UserPool-Groups",
      "output": {
        "loopprojectUserpoolGroupRole": "arn:aws:iam::523337446857:role/eu-central-1_7L8WP5jl5-loopprojectUserpoolGroupRole"
      },
      "lastPushTimeStamp": "2023-05-03T13:10:57.063Z",
      "providerMetadata": {
        "s3TemplateURL": "https://s3.amazonaws.com/amplify-loop-dev-115842-deployment/amplify-cfn-templates/auth/userPoolGroups-cloudformation-template.json",
        "logicalId": "authuserPoolGroups"
      },
      "lastPushDirHash": "cd6z2hK5Ct3w6I8pU79tbngVDEM="
    }
  },
  "function": {
    "skopOrderNotification": {
      "build": true,
      "dependsOn": [
        {
          "attributes": [
            "GraphQLAPIIdOutput",
            "GraphQLAPIEndpointOutput"
          ],
          "category": "api",
          "resourceName": "loop"
        }
      ],
      "providerPlugin": "awscloudformation",
      "service": "Lambda",
      "output": {
        "LambdaExecutionRoleArn": "arn:aws:iam::523337446857:role/skopLambdaRole6439e53f-dev",
        "Region": "eu-central-1",
        "Arn": "arn:aws:lambda:eu-central-1:523337446857:function:skopOrderNotification-dev",
        "Name": "skopOrderNotification-dev",
        "LambdaExecutionRole": "skopLambdaRole6439e53f-dev"
      },
      "lastPushTimeStamp": "2023-05-03T13:10:57.063Z",
      "providerMetadata": {
        "s3TemplateURL": "https://s3.amazonaws.com/amplify-loop-dev-115842-deployment/amplify-cfn-templates/function/skopOrderNotification-cloudformation-template.json",
        "logicalId": "functionskopOrderNotification"
      },
      "s3Bucket": {
        "deploymentBucketName": "amplify-loop-dev-115842-deployment",
        "s3Key": "amplify-builds/skopOrderNotification-3773413446714e6b6159-build.zip"
      },
      "lastBuildTimeStamp": "2023-05-03T13:04:43.996Z",
      "lastBuildType": "PROD",
      "lastPackageTimeStamp": "2023-05-03T13:04:44.088Z",
      "distZipFilename": "skopOrderNotification-3773413446714e6b6159-build.zip",
      "lastPushDirHash": "4qsxAS8qje3twpwqyyYtqddhFjk="
    },
    "skopPostSignin": {
      "build": true,
      "dependsOn": [
        {
          "attributes": [
            "GraphQLAPIIdOutput"
          ],
          "category": "api",
          "resourceName": "loop"
        }
      ],
      "providerPlugin": "awscloudformation",
      "service": "Lambda",
      "output": {
        "LambdaExecutionRoleArn": "arn:aws:iam::523337446857:role/skopLambdaRole18090e33-dev",
        "Region": "eu-central-1",
        "Arn": "arn:aws:lambda:eu-central-1:523337446857:function:skopPostSignin-dev",
        "Name": "skopPostSignin-dev",
        "LambdaExecutionRole": "skopLambdaRole18090e33-dev"
      },
      "lastPushTimeStamp": "2023-05-03T13:10:57.063Z",
      "providerMetadata": {
        "s3TemplateURL": "https://s3.amazonaws.com/amplify-loop-dev-115842-deployment/amplify-cfn-templates/function/skopPostSignin-cloudformation-template.json",
        "logicalId": "functionskopPostSignin"
      },
      "s3Bucket": {
        "deploymentBucketName": "amplify-loop-dev-115842-deployment",
        "s3Key": "amplify-builds/skopPostSignin-7771416637442f577539-build.zip"
      },
      "lastBuildTimeStamp": "2023-05-03T13:04:43.997Z",
      "lastBuildType": "PROD",
      "lastPackageTimeStamp": "2023-05-03T13:04:44.097Z",
      "distZipFilename": "skopPostSignin-7771416637442f577539-build.zip",
      "lastPushDirHash": "rW/kmfPMNaeQG5iohOnwikoOLxY="
    },
    "skopResizePics": {
      "build": true,
      "dependsOn": [],
      "providerPlugin": "awscloudformation",
      "service": "Lambda",
      "output": {
        "LambdaExecutionRoleArn": "arn:aws:iam::523337446857:role/skopLambdaRolee91ee537-dev",
        "Region": "eu-central-1",
        "Arn": "arn:aws:lambda:eu-central-1:523337446857:function:skopResizePics-dev",
        "Name": "skopResizePics-dev",
        "LambdaExecutionRole": "skopLambdaRolee91ee537-dev"
      },
      "lastPushTimeStamp": "2023-05-03T13:10:57.063Z",
      "providerMetadata": {
        "s3TemplateURL": "https://s3.amazonaws.com/amplify-loop-dev-115842-deployment/amplify-cfn-templates/function/skopResizePics-cloudformation-template.json",
        "logicalId": "functionskopResizePics"
      },
      "s3Bucket": {
        "deploymentBucketName": "amplify-loop-dev-115842-deployment",
        "s3Key": "amplify-builds/skopResizePics-464a67466c315a4e4131-build.zip"
      },
      "lastBuildTimeStamp": "2023-05-03T13:04:43.999Z",
      "lastBuildType": "PROD",
      "lastPackageTimeStamp": "2023-05-03T13:04:44.102Z",
      "distZipFilename": "skopResizePics-464a67466c315a4e4131-build.zip",
      "lastPushDirHash": "XmF4vaqOIkMJO4++grFZFg75DAQ="
    },
    "skopUserSession": {
      "build": true,
      "dependsOn": [
        {
          "attributes": [
            "UserPoolId"
          ],
          "category": "auth",
          "resourceName": "loopproject"
        },
        {
          "attributes": [
            "GraphQLAPIIdOutput"
          ],
          "category": "api",
          "resourceName": "loop"
        }
      ],
      "providerPlugin": "awscloudformation",
      "service": "Lambda",
      "output": {
        "LambdaExecutionRoleArn": "arn:aws:iam::523337446857:role/skopLambdaRoled7b206f0-dev",
        "Region": "eu-central-1",
        "Arn": "arn:aws:lambda:eu-central-1:523337446857:function:skopUserSession-dev",
        "Name": "skopUserSession-dev",
        "LambdaExecutionRole": "skopLambdaRoled7b206f0-dev"
      },
      "lastPushTimeStamp": "2023-05-03T13:10:57.063Z",
      "providerMetadata": {
        "s3TemplateURL": "https://s3.amazonaws.com/amplify-loop-dev-115842-deployment/amplify-cfn-templates/function/skopUserSession-cloudformation-template.json",
        "logicalId": "functionskopUserSession"
      },
      "s3Bucket": {
        "deploymentBucketName": "amplify-loop-dev-115842-deployment",
        "s3Key": "amplify-builds/skopUserSession-454b38735444784d654c-build.zip"
      },
      "lastBuildTimeStamp": "2023-05-03T13:04:44.000Z",
      "lastBuildType": "PROD",
      "lastPackageTimeStamp": "2023-05-03T13:04:44.116Z",
      "distZipFilename": "skopUserSession-454b38735444784d654c-build.zip",
      "lastPushDirHash": "v19XYHx0WKsX9rWKdSkgyhl94b4="
    },
    "skopsendemail": {
      "build": true,
      "dependsOn": [
        {
          "attributes": [
            "GraphQLAPIIdOutput",
            "GraphQLAPIEndpointOutput"
          ],
          "category": "api",
          "resourceName": "loop"
        }
      ],
      "providerPlugin": "awscloudformation",
      "service": "Lambda",
      "output": {
        "LambdaExecutionRoleArn": "arn:aws:iam::523337446857:role/skopLambdaRole8f301f87-dev",
        "Region": "eu-central-1",
        "Arn": "arn:aws:lambda:eu-central-1:523337446857:function:skopsendemail-dev",
        "Name": "skopsendemail-dev",
        "LambdaExecutionRole": "skopLambdaRole8f301f87-dev"
      },
      "lastPushTimeStamp": "2023-05-03T13:10:57.063Z",
      "providerMetadata": {
        "s3TemplateURL": "https://s3.amazonaws.com/amplify-loop-dev-115842-deployment/amplify-cfn-templates/function/skopsendemail-cloudformation-template.json",
        "logicalId": "functionskopsendemail"
      },
      "s3Bucket": {
        "deploymentBucketName": "amplify-loop-dev-115842-deployment",
        "s3Key": "amplify-builds/skopsendemail-537458476e6e6d396952-build.zip"
      },
      "lastBuildTimeStamp": "2023-05-03T13:04:44.001Z",
      "lastBuildType": "PROD",
      "lastPackageTimeStamp": "2023-05-03T13:04:47.336Z",
      "distZipFilename": "skopsendemail-537458476e6e6d396952-build.zip",
      "lastPushDirHash": "MAlGcN00fUG5qaaNYh9g6pUMfD0="
    },
    "skopsharpLayer": {
      "build": true,
      "providerPlugin": "awscloudformation",
      "service": "LambdaLayer",
      "output": {
        "Arn": "arn:aws:lambda:eu-central-1:523337446857:layer:skopsharpLayer-dev:2"
      },
      "lastPushTimeStamp": "2023-05-03T13:10:57.063Z",
      "providerMetadata": {
        "s3TemplateURL": "https://s3.amazonaws.com/amplify-loop-dev-115842-deployment/amplify-cfn-templates/function/skopsharpLayer-awscloudformation-template.json",
        "logicalId": "functionskopsharpLayer"
      },
      "s3Bucket": {
        "deploymentBucketName": "amplify-loop-dev-115842-deployment",
        "s3Key": "amplify-builds/skopsharpLayer-LambdaLayerVersion2fadfe91-build.zip"
      },
      "lastBuildTimeStamp": "2023-05-03T13:04:44.002Z",
      "lastBuildType": "PROD",
      "lastPackageTimeStamp": "2023-05-03T13:04:46.470Z",
      "distZipFilename": "skopsharpLayer-LambdaLayerVersion2fadfe91-build.zip",
      "latestPushedVersionHash": "02cec9cfd6431b663b97bdf5fc00f9ea48de67ea65fea307bb9124a5c760957c"
    }
  },
  "hosting": {
    "amplifyhosting": {
      "providerPlugin": "awscloudformation",
      "service": "amplifyhosting",
      "type": "manual",
      "output": {},
      "lastPushTimeStamp": "2023-05-03T13:10:57.063Z",
      "providerMetadata": {
        "s3TemplateURL": "https://s3.amazonaws.com/amplify-loop-dev-115842-deployment/amplify-cfn-templates/hosting/amplifyhosting-template.json",
        "logicalId": "hostingamplifyhosting"
      },
      "lastPushDirHash": "gaBQSQTE/Z0xOPwJJOFNg4WB4+U="
    }
  },
  "predictions": {
    "loopIdentifyLabels": {
      "dependsOn": [],
      "identifyType": "identifyLabels",
      "providerPlugin": "awscloudformation",
      "service": "Rekognition",
      "output": {
        "region": "eu-central-1",
        "type": "LABELS"
      },
      "lastPushTimeStamp": "2023-05-03T13:10:57.063Z",
      "providerMetadata": {
        "s3TemplateURL": "https://s3.amazonaws.com/amplify-loop-dev-115842-deployment/amplify-cfn-templates/predictions/loopIdentifyLabels-template.json",
        "logicalId": "predictionsloopIdentifyLabels"
      },
      "lastPushDirHash": "Wpj2Cxx7L8j0Sud3xVFHtak2J5U="
    },
    "looptranslate": {
      "convertType": "translateText",
      "providerPlugin": "awscloudformation",
      "service": "Translate",
      "output": {
        "targetLang": "fr",
        "sourceLang": "en",
        "region": "eu-central-1"
      },
      "lastPushTimeStamp": "2023-05-03T13:10:57.063Z",
      "providerMetadata": {
        "s3TemplateURL": "https://s3.amazonaws.com/amplify-loop-dev-115842-deployment/amplify-cfn-templates/predictions/looptranslate-template.json",
        "logicalId": "predictionslooptranslate"
      },
      "lastPushDirHash": "t5bijmqzaC5JzSXPjkDCCi5hYDs="
    }
  },
  "storage": {
    "loop": {
      "dependsOn": [
        {
          "category": "function",
          "resourceName": "skopResizePics",
          "attributes": [
            "Name",
            "Arn",
            "LambdaExecutionRole"
          ]
        }
      ],
      "providerPlugin": "awscloudformation",
      "service": "S3",
      "output": {
        "BucketName": "loop62fd829daa2242f48f1966c89269909a115842-dev",
        "Region": "eu-central-1"
      },
      "lastPushTimeStamp": "2023-05-03T13:10:57.063Z",
      "providerMetadata": {
        "s3TemplateURL": "https://s3.amazonaws.com/amplify-loop-dev-115842-deployment/amplify-cfn-templates/storage/cloudformation-template.json",
        "logicalId": "storageloop"
      },
      "lastPushDirHash": "xA2VXJtXbvuFcrNyvrExbeXthy0="
    }
  }
}