{
  "api": {
    "loop": {
      "dependsOn": [],
      "output": {
        "authConfig": {
          "additionalAuthenticationProviders": [],
          "defaultAuthentication": {
            "authenticationType": "AWS_IAM"
          }
        }
      },
      "providerPlugin": "awscloudformation",
      "service": "AppSync"
    }
  },
  "auth": {
    "loopproject": {
      "customAuth": false,
      "dependsOn": [],
      "providerPlugin": "awscloudformation",
      "service": "Cognito"
    },
    "userPoolGroups": {
      "dependsOn": [
        {
          "attributes": [
            "UserPoolId",
            "AppClientIDWeb",
            "AppClientID",
            "IdentityPoolId"
          ],
          "category": "auth",
          "resourceName": "loopproject"
        }
      ],
      "providerPlugin": "awscloudformation",
      "service": "Cognito-UserPool-Groups"
    }
  },
  "function": {
    "skopOrderNotification": {
      "build": true,
      "dependsOn": [
        {
          "attributes": [
            "GraphQLAPIIdOutput",
            "GraphQLAPIEndpointOutput"
          ],
          "category": "api",
          "resourceName": "loop"
        }
      ],
      "providerPlugin": "awscloudformation",
      "service": "Lambda"
    },
    "skopPostSignin": {
      "build": true,
      "dependsOn": [
        {
          "attributes": [
            "GraphQLAPIIdOutput"
          ],
          "category": "api",
          "resourceName": "loop"
        }
      ],
      "providerPlugin": "awscloudformation",
      "service": "Lambda"
    },
    "skopResizePics": {
      "build": true,
      "dependsOn": [],
      "providerPlugin": "awscloudformation",
      "service": "Lambda"
    },
    "skopUserSession": {
      "build": true,
      "dependsOn": [
        {
          "attributes": [
            "UserPoolId"
          ],
          "category": "auth",
          "resourceName": "loopproject"
        },
        {
          "attributes": [
            "GraphQLAPIIdOutput"
          ],
          "category": "api",
          "resourceName": "loop"
        }
      ],
      "providerPlugin": "awscloudformation",
      "service": "Lambda"
    },
    "skopsendemail": {
      "build": true,
      "dependsOn": [
        {
          "attributes": [
            "GraphQLAPIIdOutput",
            "GraphQLAPIEndpointOutput"
          ],
          "category": "api",
          "resourceName": "loop"
        }
      ],
      "providerPlugin": "awscloudformation",
      "service": "Lambda"
    },
    "skopsharpLayer": {
      "build": true,
      "providerPlugin": "awscloudformation",
      "service": "LambdaLayer"
    }
  },
  "hosting": {
    "amplifyhosting": {
      "providerPlugin": "awscloudformation",
      "service": "amplifyhosting",
      "type": "manual"
    }
  },
  "parameters": {
    "AMPLIFY_api_loop_OpenSearchInstanceType": {
      "usedBy": [
        {
          "category": "api",
          "resourceName": "loop"
        }
      ]
    },
    "AMPLIFY_function_skopOrderNotification_deploymentBucketName": {
      "usedBy": [
        {
          "category": "function",
          "resourceName": "skopOrderNotification"
        }
      ]
    },
    "AMPLIFY_function_skopOrderNotification_s3Key": {
      "usedBy": [
        {
          "category": "function",
          "resourceName": "skopOrderNotification"
        }
      ]
    },
    "AMPLIFY_function_skopPostSignin_deploymentBucketName": {
      "usedBy": [
        {
          "category": "function",
          "resourceName": "skopPostSignin"
        }
      ]
    },
    "AMPLIFY_function_skopPostSignin_region": {
      "usedBy": [
        {
          "category": "function",
          "resourceName": "skopPostSignin"
        }
      ]
    },
    "AMPLIFY_function_skopPostSignin_s3Key": {
      "usedBy": [
        {
          "category": "function",
          "resourceName": "skopPostSignin"
        }
      ]
    },
    "AMPLIFY_function_skopPostSignin_tableName": {
      "usedBy": [
        {
          "category": "function",
          "resourceName": "skopPostSignin"
        }
      ]
    },
    "AMPLIFY_function_skopResizePics_deploymentBucketName": {
      "usedBy": [
        {
          "category": "function",
          "resourceName": "skopResizePics"
        }
      ]
    },
    "AMPLIFY_function_skopResizePics_s3Key": {
      "usedBy": [
        {
          "category": "function",
          "resourceName": "skopResizePics"
        }
      ]
    },
    "AMPLIFY_function_skopUserSession_deploymentBucketName": {
      "usedBy": [
        {
          "category": "function",
          "resourceName": "skopUserSession"
        }
      ]
    },
    "AMPLIFY_function_skopUserSession_s3Key": {
      "usedBy": [
        {
          "category": "function",
          "resourceName": "skopUserSession"
        }
      ]
    },
    "AMPLIFY_function_skopsendemail_deploymentBucketName": {
      "usedBy": [
        {
          "category": "function",
          "resourceName": "skopsendemail"
        }
      ]
    },
    "AMPLIFY_function_skopsendemail_s3Key": {
      "usedBy": [
        {
          "category": "function",
          "resourceName": "skopsendemail"
        }
      ]
    },
    "AMPLIFY_function_skopsharpLayer_deploymentBucketName": {
      "usedBy": [
        {
          "category": "function",
          "resourceName": "skopsharpLayer"
        }
      ]
    },
    "AMPLIFY_function_skopsharpLayer_s3Key": {
      "usedBy": [
        {
          "category": "function",
          "resourceName": "skopsharpLayer"
        }
      ]
    },
    "AMPLIFY_hosting_amplifyhosting_appId": {
      "usedBy": [
        {
          "category": "hosting",
          "resourceName": "amplifyhosting"
        }
      ]
    },
    "AMPLIFY_hosting_amplifyhosting_type": {
      "usedBy": [
        {
          "category": "hosting",
          "resourceName": "amplifyhosting"
        }
      ]
    }
  },
  "predictions": {
    "loopIdentifyLabels": {
      "dependsOn": [],
      "identifyType": "identifyLabels",
      "providerPlugin": "awscloudformation",
      "service": "Rekognition"
    },
    "looptranslate": {
      "convertType": "translateText",
      "providerPlugin": "awscloudformation",
      "service": "Translate"
    }
  },
  "storage": {
    "loop": {
      "dependsOn": [
        {
          "attributes": [
            "Name",
            "Arn",
            "LambdaExecutionRole"
          ],
          "category": "function",
          "resourceName": "skopResizePics"
        }
      ],
      "providerPlugin": "awscloudformation",
      "service": "S3"
    }
  }
}